,2004-01,2004-06,2005-01,2005-06,2006-01,2006-06,2007-01,2007-06,2008-01,2008-06,2009-01,2009-06,2010-01,2010-06,2011-01,2011-06,2012-01,2012-06,2013-01,2013-06,2014-01,2014-06,2015-01,2015-06,2016-01,2016-06,2017-01,2017-06,2018-01,2018-06,2019-01,2019-06,2020-01,2020-06,2021-01,2021-06,2022-01,2022-06
0,ADBE,ADBE,ADBE,ADBE,ATVI,ATVI,ATVI,ATVI,ATVI,ATVI,ATVI,ATVI,ATVI,ATVI,ATVI,ATVI,ATVI,ATVI,ATVI,FOXA,FOXA,FOXA,FOXA,FOXA,FOXA,FOXA,FOXA,FOXA,FOXA,ATVI,"ATVI
","ATVI
","ATVI
","ATVI
",ATVI,ATVI,ATVI,ATVI
1,ALTR,ALTR,ALTR,ALTR,ADBE,ADBE,ADBE,ADBE,ADBE,ADBE,ADBE,ADBE,ADBE,ADBE,ADBE,ADBE,ADBE,ADBE,ADBE,ATVI,ATVI,ATVI,FOX,FOX,FOX,FOX,FOX,FOX,FOX,ADBE,"ADBE
","ADBE
","ADBE
","ADBE
",ADBE,ADBE,ADBE,ADBE
2,AMZN,AMZN,AMZN,AMZN,ALTR,ALTR,AKAM,AKAM,AKAM,AKAM,AKAM,AKAM,ALTR,ALTR,AKAM,AKAM,AKAM,AKAM,AKAM,ADBE,ADBE,ADBE,ATVI,ATVI,ATVI,ATVI,ATVI,ATVI,ATVI,ALXN,"AMD
","AMD
","AMD
","AMD
",AMD,AMD,AMD,ADP
3,APCC,APCC,APCC,APCC,AMZN,AMZN,ALTR,ALTR,ALTR,ALTR,ALTR,ALTR,AMZN,AMZN,ALTR,ALXN,ALXN,ALXN,ALXN,AKAM,AKAM,AKAM,ADBE,ADBE,ADBE,ADBE,ADBE,ADBE,ADBE,ALGN,"ALXN
","ALXN
","ALXN
","ALXN
",ALXN,ALXN,ABNB,ABNB
4,AMGN,AMGN,AMGN,AMGN,APCC,APCC,AMZN,AMZN,AMZN,AMZN,AMZN,AMZN,AMGN,AMGN,AMZN,ALTR,ALTR,ALTR,ALTR,ALXN,ALXN,ALXN,AKAM,AKAM,AKAM,AKAM,AKAM,AKAM,ASML,GOOGL,"ALGN
","ALGN
","ALGN
","ALGN
",ALGN,ALGN,ALGN,ALGN
5,APOL,APOL,APOL,APOL,AMGN,AMGN,AEOS,AMGN,AMGN,AMGN,AMGN,AMGN,APOL,APOL,AMGN,AMZN,AMZN,AMZN,AMZN,ALTR,ALTR,ALTR,ALXN,ALXN,ALXN,ALXN,ALXN,ALXN,ALXN,GOOG,"GOOG
","GOOG
","GOOG
","GOOG
",GOOGL,GOOGL,GOOGL,GOOGL
6,AAPL,AAPL,AAPL,AAPL,AMLN,AMLN,APCC,AMLN,AMLN,AMLN,APOL,APOL,AAPL,AAPL,APOL,AMGN,AMGN,AMGN,AMGN,AMZN,AMZN,AMZN,ALTR,ALTR,GOOGL,GOOGL,GOOGL,GOOGL,GOOGL,AMZN,"AMZN
","AMZN
","AMZN
","AMZN
",GOOG,GOOG,GOOG,GOOG
7,AMAT,AMAT,AMAT,AMAT,APOL,APOL,AMGN,APOL,APOL,APOL,AAPL,AAPL,AMAT,AMAT,AAPL,APOL,APOL,APOL,ADI,AMGN,AMGN,AMGN,AMZN,AMZN,GOOG,GOOG,GOOG,GOOG,GOOG,AAL,"AAL
","AAL
","AAL
","AMGN
",AMZN,AMZN,AMZN,AMZN
8,ATYT,ATYT,ATYT,ATYT,AAPL,AAPL,AMLN,AAPL,AAPL,AAPL,AMAT,AMAT,ADSK,ADSK,AMAT,AAPL,AAPL,AAPL,AAPL,ADI,ADI,ADI,AAL,AAL,AMZN,AMZN,AMZN,AMZN,AMZN,AMGN,"AMGN
","AMGN
","AMGN
","ADI
",AEP,AEP,AEP,AMD
9,BEAS,BEAS,BEAS,BEAS,AMAT,AMAT,APOL,AMAT,AMAT,AMAT,ADSK,ADSK,ADP,ADP,ADSK,AMAT,AMAT,AMAT,AMAT,AAPL,AAPL,AAPL,AMGN,AMGN,AAL,AAL,AAL,AAL,AAL,ADI,"ADI
","ADI
","ADI
","ANSS
",AMGN,AMGN,AMGN,AEP
10,BBBY,BBBY,BBBY,BBBY,ATYT,ATYT,AAPL,ADSK,ADSK,ADSK,ADP,ADP,BIDU,BIDU,ADP,ADSK,ADSK,ADSK,ADSK,AMAT,AMAT,AMAT,ADI,ADI,AMGN,AMGN,AMGN,AMGN,AMGN,AAPL,"AAPL
","AAPL
","ANSS
","AAPL
",ADI,ADI,ADI,AMGN
11,BIIB,BIIB,BIIB,BIIB,ADSK,ADSK,AMAT,BEAS,BIDU,BIDU,BIDU,BIDU,BBBY,BBBY,BIDU,ADP,ADP,ADP,ADP,ADSK,ADSK,ADSK,AAPL,AAPL,ADI,ADI,ADI,ADI,ADI,AMAT,"AMAT
","AMAT
","AAPL
","AMAT
",ANSS,ANSS,ANSS,ADI
12,BMET,BMET,BMET,BMET,BEAS,BEAS,ADSK,BBBY,BEAS,BBBY,BBBY,BBBY,BIIB,BIIB,BBBY,BIDU,AVGO,AVGO,AVGO,ADP,ADP,ADP,AMAT,AMAT,AAPL,AAPL,AAPL,AAPL,AAPL,ASML,"ASML
","ASML
","AMAT
","ASML
",AAPL,AAPL,AAPL,ANSS
13,BRCM,BRCM,BRCM,BRCM,BBBY,BBBY,BEAS,BIIB,BBBY,BIIB,BIIB,BIIB,BMC,BMC,BIIB,BBBY,BIDU,BIDU,BIDU,AVGO,AVGO,AVGO,ADSK,ADSK,AMAT,AMAT,AMAT,AMAT,AMAT,ADSK,"ADSK
","ADSK
","ASML
","ADSK
",AMAT,AMAT,AMAT,AAPL
14,CHRW,CHRW,CHRW,CHRW,BIIB,BIIB,BBBY,BMET,BIIB,BRCM,BRCM,BRCM,BRCM,BRCM,BMC,BIIB,BBBY,BBBY,BBBY,BIDU,BIDU,BIDU,ADP,ADP,ADSK,ADSK,ADSK,ADSK,ADSK,ADP,"ADP
","ADP
","ADSK
","ADP
",ASML,ASML,ASML,AMAT
15,CECO,CECO,CECO,CECO,BMET,BMET,BIIB,BRCM,BRCM,CHRW,CHRW,CHRW,CHRW,CHRW,BRCM,BMC,BIIB,BIIB,BIIB,BBBY,BBBY,BBBY,AVGO,AVGO,ADP,ADP,ADP,ADP,ADP,BIDU,"BIDU
","BIDU
","ADP
","BIDU
",TEAM,TEAM,TEAM,ASML
16,CDWC,CDWC,CDWC,CDWC,BRCM,BRCM,BMET,CHRW,CHRW,CA,CA,CA,CA,CA,CHRW,BRCM,BMC,BMC,BMC,BIIB,BIIB,BIIB,BIDU,BIDU,BIDU,BIDU,BIDU,BIDU,BIDU,BIIB,"BIIB
","BIIB
","BIDU
","BIIB
",ADSK,ADSK,ADSK,AZN
17,CEPH,CEPH,CEPH,CEPH,CDNS,CDNS,BRCM,CDNS,CDNS,CDNS,CELG,CELG,CELG,CELG,CA,CHRW,BRCM,BRCM,BRCM,BMC,BRCM,BRCM,BBBY,BBBY,BBBY,BBBY,CTAS,CTAS,CTAS,BMRN,"BMRN
","BMRN
","BIIB
","BMRN
",ADP,ADP,ADP,TEAM
18,CHKP,CHKP,CHKP,CHKP,CHRW,CHRW,CHRW,CDWC,CELG,CELG,CEPH,CEPH,CEPH,CEPH,CELG,CA,CHRW,CHRW,CHRW,BRCM,CHRW,CHRW,BIIB,BIIB,BIIB,BIIB,BIIB,BIIB,BIIB,BKNG,"BKNG
","BKNG
","BMRN
","BKNG
",BIDU,BIDU,BIDU,ADSK
19,CHIR,CHIR,CHIR,CHIR,CDWC,CDWC,CDNS,CELG,CEPH,CEPH,CHKP,CHKP,CERN,CERN,CEPH,CELG,CA,CA,CA,CHRW,CA,CA,BRCM,BRCM,BMRN,BMRN,BMRN,BMRN,BMRN,AVGO,"AVGO
","AVGO
","BKNG
","AVGO
",BIIB,BIIB,BIIB,BIDU
20,CTAS,CTAS,CTAS,CTAS,CELG,CELG,CDWC,CEPH,CHKP,CHKP,CTAS,CTAS,CHKP,CHKP,CERN,CEPH,CELG,CELG,CTRX,CA,CTRX,CTRX,CHRW,CHRW,AVGO,AVGO,AVGO,AVGO,AVGO,CA,"CDNS
","CDNS
","AVGO
","CDNS
",BKNG,BKNG,BKNG,BIIB
21,CSCO,CSCO,CSCO,CSCO,CKFR,CKFR,CELG,CHKP,CTAS,CTAS,CSCO,CSCO,CTAS,CTAS,CHKP,CERN,CERN,CERN,CELG,CTRX,CELG,CELG,CA,CA,CA,CA,CA,CA,CA,CDNS,"CELG
","CELG
","CDNS
","CDW
",AVGO,AVGO,AVGO,BKNG
22,CTXS,CTXS,CTXS,CTXS,CHKP,CHKP,CHKP,CKFR,CSCO,CSCO,CTXS,CTXS,CSCO,CSCO,CSCO,CHKP,CHKP,CHKP,CERN,CELG,CERN,CERN,CTRX,CTRX,CELG,CELG,CELG,CELG,CELG,CELG,"CERN
","CERN
","CDW
","CERN
",CDNS,CDNS,CDNS,AVGO
23,CMCSA,CMCSA,CMCSA,CMCSA,CHIR,CHIR,CKFR,CTAS,CTXS,CTXS,CTSH,CTSH,CTXS,CTXS,CTXS,CSCO,CSCO,CSCO,CHKP,CERN,CHTR,CHTR,CELG,CELG,CERN,CERN,CERN,CERN,CERN,CERN,"CHTR
","CHTR
","CERN
","CHTR
",CDW,CDW,CHTR,CDNS
24,CPWR,CPWR,CPWR,CPWR,CTAS,CTAS,CTAS,CSCO,CTSH,CTSH,CMCSA,CMCSA,CTSH,CTSH,CTSH,CTXS,CTXS,CTXS,CSCO,CHKP,CHKP,CHKP,CERN,CERN,CHTR,CHTR,CHTR,CHTR,CHTR,CHTR,"CHKP
","CHKP
","CHTR
","CHKP
",CERN,CERN,CTAS,CHTR
25,CMVT,CMVT,CMVT,CMVT,CSCO,CSCO,CSCO,CTXS,CMCSA,CMCSA,COST,COST,CMCSA,CMCSA,CMCSA,CTSH,CTSH,CTSH,CTXS,CSCO,CSCO,CSCO,CHTR,CHTR,CHKP,CHKP,CHKP,CHKP,CHKP,CHKP,"CTAS
","CTAS
","CHKP
","CTAS
",CHTR,CHTR,CSCO,CTAS
26,COST,COST,COST,CTSH,CTXS,CTXS,CTXS,CTSH,COST,COST,DELL,DELL,COST,COST,COST,CMCSA,CMCSA,CMCSA,CTSH,CTXS,CTXS,CTXS,CHKP,CHKP,CSCO,CSCO,CSCO,CSCO,CSCO,CTAS,"CSCO
","CSCO
","CTAS
","CSCO
",CHKP,CHKP,CTSH,CSCO
27,DELL,DELL,DELL,COST,CTSH,CTSH,CTSH,CMCSA,DELL,DELL,XRAY,XRAY,DELL,DELL,CTRP,COST,COST,COST,CMCSA,CTSH,CTSH,CTSH,CSCO,CSCO,CTXS,CTXS,CTXS,CTXS,CTXS,CSCO,"CTXS
","CTXS
","CSCO
","CTXS
",CTAS,CTAS,CMCSA,CTSH
28,XRAY,XRAY,XRAY,DELL,CMCSA,CMCSA,CMCSA,COST,XRAY,XRAY,DISH,DISH,XRAY,XRAY,DELL,CTRP,CTRP,CTRP,COST,CMCSA,CMCSA,CMCSA,CTXS,CTXS,CTSH,CTSH,CTSH,CTSH,CTSH,CTXS,"CTSH
","CTSH
","CTXS
","CTSH
",CSCO,CSCO,CPRT,CMCSA
29,DLTR,DLTR,DLTR,XRAY,CMVT,CMVT,CMVT,DELL,DISCA,DISCA,EBAY,EBAY,DTV,DTV,XRAY,DELL,DELL,DELL,DELL,COST,COST,COST,CTSH,CTSH,CMCSA,CMCSA,CMCSA,CMCSA,CMCSA,CTSH,"COST
","COST
","CTSH
","CPRT
",CTSH,CTSH,COST,CEG
30,EBAY,EBAY,EBAY,DLTR,COST,COST,COST,XRAY,DISH,DISH,ERTS,ERTS,DISH,DISH,DTV,XRAY,XRAY,XRAY,XRAY,DELL,DTV,DTV,CMCSK,CMCSK,COST,COST,COST,COST,COST,CMCSA,"CSX
","CSX
","CPRT
","CSGP
",CMCSA,CMCSA,CRWD,CPRT
31,DISH,DISH,DISH,EBAY,DELL,DELL,DELL,DISCA,EBAY,EBAY,EXPE,EXPE,EBAY,EBAY,DLTR,DTV,DTV,DTV,DTV,XRAY,DISCA,DISCA,CMCSA,CMCSA,CSX,CSX,CSX,CSX,CSX,COST,"CTRP
","CTRP
","CSGP
","COST
",CPRT,CPRT,CSX,COST
32,ERTS,ERTS,ERTS,DISH,XRAY,XRAY,XRAY,EBAY,ERTS,ERTS,EXPD,EXPD,ERTS,ERTS,EBAY,DLTR,DLTR,DLTR,DISCA,DTV,DISH,DISH,COST,COST,CTRP,CTRP,CTRP,CTRP,CTRP,CSX,"DLTR
","DLTR
","COST
","CSX
",COST,COST,DDOG,CRWD
33,EXPD,EXPD,EXPD,ERTS,DISCA,DISCA,DISCA,DISH,EXPE,EXPE,ESRX,ESRX,EXPE,EXPE,ERTS,EBAY,EBAY,EBAY,DLTR,DISCA,DLTR,DLTR,DTV,DTV,DISCA,DISCA,DISCA,DISCA,CDNS,CTRP,"EBAY
","EBAY
","CSX
","DXCM
",CSX,CSX,DXCM,CSX
34,ESRX,ESRX,ESRX,EXPD,EBAY,EBAY,EBAY,ERTS,EXPD,EXPD,FAST,FAST,EXPD,EXPD,EXPE,ERTS,EA,EA,EBAY,DLTR,EBAY,EBAY,DISCA,DISCA,DISCK,DISCK,DISCK,DISCK,DISH,XRAY,"EA
","EA
","DLTR
","DLTR
",DXCM,DXCM,DOCU,DDOG
35,FAST,FAST,FAST,ESRX,DISH,DISH,DISH,EXPE,ESRX,ESRX,FSLR,FSLR,ESRX,ESRX,EXPD,EXPE,EXPE,EXPE,EQIX,EBAY,EQIX,EQIX,DISCK,DISCK,DISH,DISH,DISH,DISH,DLTR,DISH,"EXPE
","EXPE
","EBAY
","EBAY
",DOCU,DOCU,DLTR,DXCM
36,FHCC,FHCC,FHCC,FAST,ERTS,ERTS,ERTS,EXPD,FAST,FAST,FISV,FISV,FAST,FAST,ESRX,EXPD,EXPD,EXPD,EXPE,EQIX,EXPE,EXPE,DISH,DISH,DLTR,DLTR,DLTR,DLTR,EBAY,DLTR,"FB
","FB
","EA
","EA
",DLTR,DLTR,EBAY,DOCU
37,FISV,FISV,FISV,FHCC,EXPE,EXPE,EXPE,ESRX,FISV,FISV,FLEX,FLEX,FSLR,FSLR,FFIV,ESRX,ESRX,ESRX,EXPD,EXPE,EXPD,EXPD,DLTR,DLTR,EBAY,EBAY,EBAY,EBAY,EA,EBAY,"FAST
","FAST
","EXC
","EXC
",EBAY,EBAY,EA,DLTR
38,FLEX,FLEX,FLEX,FISV,EXPD,EXPD,EXPD,FAST,FLEX,FLEX,FLIR,FLIR,FISV,FISV,FAST,FFIV,FFIV,FFIV,ESRX,EXPD,ESRX,ESRX,EBAY,EBAY,EA,EA,EA,EA,MCHP,EA,"FISV
","FISV
","EXPE
","EXPE
",EA,EA,EXC,EBAY
39,GRMN,GRMN,GRMN,FLEX,ESRX,ESRX,ESRX,FISV,FMCN,FMCN,FWLT,FWLT,FLEX,FLEX,FSLR,FAST,FAST,FAST,FFIV,ESRX,FFIV,FFIV,EA,EA,ENDP,ENDP,MCHP,MCHP,EXPE,EXPE,"GILD
","FOX
","FB
","FB
",EXC,EXC,FAST,EA
40,GNTX,GNTX,GNTX,GRMN,FAST,FAST,FAST,FLEX,FWLT,FWLT,GRMN,GRMN,FLIR,FLIR,FISV,FSLR,FSLR,FISV,FB,FFIV,FB,FB,EQIX,EXPD,EXPE,EXPE,EXPE,EXPE,ESRX,ESRX,"HAS
","FOXA
","FAST
","FAST
",FB,FB,FISV,EXC
41,GENZ,GENZ,GENZ,GNTX,FISV,FISV,FISV,GRMN,GRMN,GRMN,GENZ,GENZ,FWLT,FWLT,FLEX,FISV,FISV,FLEX,FAST,FB,FAST,FAST,EXPD,ESRX,ESRX,ESRX,ESRX,ESRX,FB,FB,"HSIC
","GILD
","FISV
","FISV
",FAST,FAST,FTNT,FAST
42,GILD,GILD,GILD,GENZ,FLEX,FLEX,FLEX,GENZ,GENZ,GENZ,GILD,GILD,GRMN,GRMN,FLIR,FLEX,FLEX,FOSL,FISV,FAST,FISV,FISV,ESRX,FB,FB,FB,FB,FB,FAST,FAST,"IDXX
","HAS
","FOXA
","FOXA
",FISV,FISV,GILD,FISV
43,HSIC,HSIC,HSIC,GILD,GRMN,GRMN,GRMN,GILD,GILD,GILD,GOOG,GOOG,GENZ,GENZ,GRMN,FLIR,FOSL,GRMN,FOSL,FISV,GRMN,GRMN,FB,FAST,FAST,FAST,FAST,FAST,FISV,FISV,"ILMN
","HSIC
","FOX
","FOX
",FOXA,FOXA,HON,FTNT
44,INTC,INTC,IACI,HSIC,GENZ,GENZ,GENZ,GOOG,GOOG,GOOG,HANS,HANS,GILD,GILD,GENZ,GRMN,GRMN,GILD,GRMN,FOSL,GILD,GILD,FAST,FISV,FISV,FISV,FISV,FISV,GILD,GILD,"INCY
","IDXX
","GILD
","GILD
",FOX,FOX,IDXX,GILD
45,IACI,IACI,INTC,IACI,GILD,GILD,GILD,IACI,HANS,HANS,HSIC,HSIC,GOOG,GOOG,GILD,GILD,GILD,GOOG,GILD,GRMN,GOOG,GOOG,FISV,GRMN,GILD,GILD,GILD,GILD,HSIC,HAS,"INTC
","ILMN
","IDXX
","IDXX
",GILD,GILD,ILMN,HON
46,ISIL,ISIL,ISIL,INTC,GOOG,GOOG,GOOG,INFY,HSIC,HSIC,HOLX,HOLX,HSIC,HSIC,GOOG,GOOG,GOOG,GMCR,GOOG,GILD,GMCR,GOOGL,GRMN,GILD,HSIC,HSIC,HSIC,HSIC,ILMN,HSIC,"INTU
","INCY
","ILMN
","ILMN
",IDXX,IDXX,INTC,IDXX
47,INTU,INTU,INTU,ISIL,IACI,IACI,IACI,INTC,HOLX,HOLX,IACI,IACI,HOLX,HOLX,HSIC,GMCR,GMCR,HSIC,HSIC,GOOG,HSIC,GMCR,GILD,GOOGL,ILMN,ILMN,ILMN,ILMN,INCY,HOLX,"ISRG
","INTC
","INCY
","INCY
",ILMN,ILMN,INTU,ILMN
48,IVGN,IVGN,IVGN,INTU,INTC,INTC,INFY,INTU,IACI,IACI,ILMN,ILMN,ILMN,ILMN,ILMN,HSIC,HANS,INFY,INTC,HSIC,ILMN,HSIC,GOOGL,GOOG,INCY,INCY,INCY,INCY,INTC,IDXX,"JBHT
","INTU
","INTC
","INTC
",INCY,INCY,ISRG,INTC
49,JDSU,JDSU,JDSU,IVGN,INTU,INTU,INTC,ISRG,INFY,INFY,INFY,INFY,INFY,INFY,INFY,ILMN,HSIC,INTC,INTU,INTC,INTC,ILMN,GOOG,HSIC,INTC,INTC,INTC,INTC,INTU,ILMN,"JD
","ISRG
","INTU
","INTU
",INTC,INTC,JD,INTU
50,JNPR,JNPR,JNPR,JDSU,JDSU,JDSU,INTU,JOYG,INTC,INTC,INTC,INTC,INTC,INTC,INTC,INFY,INFY,INTU,ISRG,INTU,INTU,INTC,HSIC,ILMN,INTU,INTU,INTU,INTU,ISRG,INCY,"KLAC
","JBHT
","ISRG
","ISRG
",INTU,INTU,KDP,ISRG
51,KLAC,KLAC,KLAC,JNPR,JNPR,JNPR,ISRG,JNPR,INTU,INTU,INTU,INTU,INTU,INTU,INTU,INTC,INTC,ISRG,KLAC,ISRG,ISRG,INTU,ILMN,INTC,ISRG,ISRG,ISRG,ISRG,JD,INTC,"LRCX
","JD
","JD
","JD
",ISRG,ISRG,KLAC,JD
52,LRCX,LRCX,LRCX,KLAC,KLAC,KLAC,JOYG,KLAC,ISRG,ISRG,ISRG,ISRG,ISRG,ISRG,ISRG,INTU,INTU,KLAC,LBTYA,KLAC,KLAC,ISRG,INTC,INTU,JD,JD,JD,JD,KHC,INTU,"LULU
","KLAC
","KLAC
","KLAC
",JD,JD,KHC,KDP
53,LAMR,LAMR,LAMR,LRCX,LRCX,LRCX,JNPR,LRCX,JOYG,JOYG,JBHT,JBHT,JBHT,JBHT,JOYG,ISRG,ISRG,LRCX,LINTA,KRFT,KRFT,KLAC,INTU,ISRG,KHC,KHC,KHC,KHC,LRCX,ISRG,"MAR
","LRCX
","KHC
","KHC
",KDP,KDP,LRCX,KLAC
54,LVLT,LVLT,LVLT,LAMR,LAMR,LAMR,KLAC,LAMR,JNPR,JNPR,JOYG,JOYG,JOYG,JOYG,KLAC,JOYG,KLAC,LINTA,LMCA,LBTYA,LBTYA,KRFT,ISRG,KLAC,LRCX,LRCX,LRCX,LRCX,QVCA,JBHT,"MXIM
","LULU
","LRCX
","LRCX
",KLAC,KLAC,LCID,KHC
55,LNCR,LNCR,LNCR,LVLT,LBTYA,LBTYA,LRCX,LVLT,KLAC,KLAC,JNPR,JNPR,KLAC,KLAC,LRCX,KLAC,LRCX,LIFE,LIFE,LINTA,LINTA,LBTYA,KLAC,GMCR,LBTYA,QVCA,QVCA,QVCA,LBTYA,JD,"MELI
","MAR
","LULU
","LULU
",KHC,KHC,LULU,LRCX
56,LLTC,LLTC,LLTC,LNCR,LNCR,LNCR,LAMR,LBTYA,LRCX,LRCX,KLAC,KLAC,LRCX,LRCX,LINTA,LRCX,LINTA,LLTC,LLTC,LMCA,LMCA,LINTA,GMCR,KRFT,LBTYK,LBTYA,LBTYA,LBTYA,LBTYK,KLAC,"MCHP
","MXIM
","MAR
","MAR
",LRCX,LRCX,MAR,LCID
57,MRVL,MRVL,MRVL,LLTC,LLTC,LLTC,LVLT,LINTA,LAMR,LAMR,LRCX,LRCX,LINTA,LINTA,LIFE,LINTA,LIFE,MRVL,MAT,LIFE,LLTC,LMCK,KRFT,LRCX,QVCA,LBTYK,LBTYK,LBTYK,LVNTA,LRCX,"MU
","MELI
","MXIM
","MXIM
",LULU,LULU,MRVL,LULU
58,MXIM,MXIM,MXIM,MRVL,ERICY,ERICY,LBTYA,LLTC,LEAP,LEAP,LBTYA,LBTYA,LIFE,LIFE,LLTC,LIFE,LLTC,MAT,MXIM,LLTC,MAR,LMCA,LRCX,LBTYA,LMCK,LVNTA,LVNTA,LVNTA,SHPG,LBTYA,"MSFT
","MCHP
","MELI
","MELI
",MAR,MAR,MTCH,MAR
59,MEDI,MEDI,MEDI,MXIM,MRVL,MRVL,LINTA,ERIC,LVLT,LVLT,LINTA,LINTA,LLTC,LLTC,MRVL,LLTC,MRVL,MXIM,MCHP,MAT,MAT,LLTC,LBTYA,LBTYK,LMCA,LLTC,SHPG,SHPG,MAR,LBTYK,"MDLZ
","MU
","MCHP
","MCHP
",MRVL,MRVL,MELI,MRVL
60,MERQ,MERQ,MERQ,MEDI,MXIM,MXIM,LLTC,LOGI,LBTYA,LBTYA,LIFE,LIFE,LOGI,LOGI,MAT,MRVL,MAT,MCHP,MU,MXIM,MXIM,MAR,LBTYK,QVCA,LVNTA,MAR,MAR,MAR,ALGN,MAR,"MNST
","MSFT
","MU
","MU
",MTCH,MTCH,FB,MTCH
61,MCHP,MCHP,MCHP,MERQ,MEDI,MEDI,ERIC,MRVL,LINTA,LINTA,LLTC,LLTC,MRVL,MRVL,MXIM,MAT,MXIM,MU,MSFT,MCHP,MU,MAT,QVCA,LMCK,LLTC,MAT,MAT,MAT,MXIM,MXIM,"MYL
","MDLZ
","MSFT
","MSFT
",MXIM,MXIM,MCHP,MELI
62,MSFT,MSFT,MSFT,MCHP,MERQ,MERQ,MRVL,MXIM,LLTC,LLTC,LOGI,LOGI,MAT,MAT,MCHP,MXIM,MCHP,MSFT,MDLZ,MU,MSFT,MXIM,LMCK,LMCA,MAR,MXIM,MXIM,MXIM,MU,MELI,"NTAP
","MNST
","MDLZ
","MDLZ
",MELI,MELI,MU,META
63,MLNM,MLNM,MLNM,MSFT,MCHP,MCHP,MXIM,MCHP,LOGI,LOGI,MRVL,MRVL,MXIM,MXIM,MU,MCHP,MU,MNST,MNST,MSFT,MDLZ,MU,LMCA,LVNTA,MAT,MU,MU,MU,MSFT,MCHP,"NTES
","MYL
","MNST
","MNST
",MCHP,MCHP,MSFT,MCHP
64,MOLX,MOLX,MOLX,MLNM,MSFT,MSFT,MEDI,MSFT,MRVL,MRVL,MXIM,MXIM,MCHP,MCHP,MSFT,MU,MSFT,MYL,MYL,MDLZ,MNST,MSFT,LVNTA,LLTC,MXIM,MSFT,MSFT,MSFT,MDLZ,MU,"NFLX
","NTAP
","NTAP
","NTAP
",MU,MU,MRNA,MU
65,NTAP,NTAP,NTAP,MOLX,MNST,MNST,MCHP,MICC,MCHP,MCHP,MCHP,MCHP,MSFT,MSFT,MICC,MSFT,MYL,NTAP,NTAP,MNST,MYL,MDLZ,LLTC,MAR,MU,MDLZ,MDLZ,MDLZ,MNST,MSFT,"NVDA
","NTES
","NTES
","NTES
",MSFT,MSFT,MDLZ,MSFT
66,NXTL,NXTL,NXTL,NTAP,NTAP,NTAP,MSFT,MNST,MSFT,MSFT,MSFT,MSFT,MICC,MICC,MYL,MYL,NTAP,NFLX,NWSA,MYL,NTAP,MNST,MAR,MAT,MSFT,MNST,MNST,MNST,MYL,MDLZ,"NXPI
","NFLX
","NFLX
","NFLX
",MRNA,MRNA,MNST,MRNA
67,NVLS,NVLS,NVLS,NXTL,NIHD,NIHD,MICC,NTAP,MICC,MICC,MICC,MICC,MYL,MYL,NTAP,NTAP,NFLX,NWSA,NUAN,NTAP,NFLX,MYL,MAT,MU,MDLZ,MYL,MYL,MYL,HAS,MNST,"ORLY
","NVDA
","NVDA
","NVDA
",MDLZ,MDLZ,NTES,MDLZ
68,NVDA,NVDA,NVDA,NVLS,NTLI,NTLI,MNST,NIHD,MNST,MNST,NTAP,NTAP,NTAP,NTAP,NFLX,NFLX,NWSA,NUAN,NVDA,NFLX,NVDA,NTAP,MU,MSFT,MNST,NTAP,HAS,HAS,NTES,MYL,"PCAR
","NXPI
","NXPI
","NXPI
",MNST,MNST,NFLX,MNST
69,ORCL,ORCL,ORCL,NVDA,NVDA,NVDA,NTAP,NTLI,NTAP,NTAP,NWSA,NWSA,NWSA,NWSA,NWSA,NWSA,NUAN,NVDA,ORLY,NUAN,NXPI,NFLX,MSFT,MDLZ,MYL,NTES,NTES,NTES,NFLX,NTES,"PAYX
","ORLY
","ORLY
","ORLY
",NTES,NTES,NVDA,NTES
70,PCAR,PCAR,PCAR,ORCL,ORCL,ORCL,NIHD,NVDA,NIHD,NIHD,NIHD,NIHD,NIHD,NIHD,NIHD,NIHD,NVDA,ORLY,ORCL,NVDA,ORLY,NVDA,MDLZ,MNST,NTAP,NFLX,NFLX,NFLX,SNPS,NFLX,"PYPL
","PCAR
","PCAR
","PCAR
",NFLX,NFLX,NXPI,NFLX
71,SPOT,SPOT,PDCO,PCAR,PCAR,PCAR,NTLI,ORCL,NVDA,NVDA,NVDA,NVDA,NVDA,NVDA,NVDA,NVDA,ORLY,ORCL,PCAR,ORLY,PCAR,NXPI,MNST,MYL,NFLX,NCLH,NCLH,NCLH,NVDA,NVDA,"PEP
","PAYX
","PAYX
","PAYX
",NVDA,NVDA,ORLY,NVDA
72,PDCO,PDCO,PTEN,PDCO,PDCO,PDCO,NVDA,PCAR,ORCL,ORCL,ORLY,ORLY,ORLY,ORLY,ORLY,ORLY,ORCL,PCAR,PAYX,ORCL,PAYX,ORLY,MYL,NTAP,NCLH,NVDA,NVDA,NVDA,JBHT,ORLY,"QCOM
","PYPL
","PYPL
","PYPL
",NXPI,NXPI,OKTA,NXPI
73,PTEN,PTEN,PAYX,PTEN,PTEN,PTEN,ORCL,PDCO,PCAR,PCAR,ORCL,ORCL,ORCL,ORCL,ORCL,ORCL,PCAR,PAYX,PRGO,PCAR,PCLN,PCAR,NTAP,NFLX,NVDA,NXPI,NXPI,JBHT,ORLY,PCAR,"REGN
","PEP
","PEP
","PEP
",ORLY,ORLY,"ODFL
",ORLY
74,PAYX,PAYX,PSFT,PAYX,PAYX,PAYX,PCAR,PTEN,PDCO,PDCO,PCAR,PCAR,PCAR,PCAR,PCAR,PCAR,PAYX,PRGO,PCLN,PAYX,QCOM,PAYX,NFLX,NVDA,NXPI,ORLY,ORLY,ORLY,PCAR,PAYX,"ROST
","QCOM
","QCOM
","QCOM
",OKTA,OKTA,PCAR,OKTA
75,PSFT,PSFT,PETM,PSFT,PETM,PETM,PDCO,PAYX,PAYX,PAYX,PDCO,PDCO,PDCO,PDCO,PAYX,PAYX,PRGO,PCLN,QCOM,PCLN,REGN,PCLN,NVDA,NXPI,ORLY,PCAR,PCAR,PCAR,PYPL,PYPL,"SIRI
","REGN
","REGN
","REGN
",PCAR,PCAR,PANW,ODFL
76,PETM,PETM,PIXR,PETM,PIXR,PIXR,PTEN,PETM,PETM,PETM,PAYX,PAYX,PAYX,PAYX,PCLN,PCLN,PCLN,QCOM,GOLD,QCOM,ROST,QCOM,NXPI,ORLY,PCAR,PYPL,PYPL,PYPL,PAYX,QCOM,"SWKS
","ROST
","ROST
","ROST
",PAYX,PAYX,PAYX,PCAR
77,PIXR,PIXR,QLGC,PIXR,QCOM,QCOM,PAYX,QCOM,QCOM,QCOM,PPDI,PPDI,PCLN,PCLN,QGEN,QGEN,QCOM,GOLD,REGN,GOLD,SNDK,REGN,ORLY,PCAR,PYPL,PAYX,PAYX,PAYX,QCOM,QRTEA,"SBUX
","SIRI
","SGEN
","SGEN
",PYPL,PYPL,PYPL,PANW
78,QLGC,QLGC,QCOM,QLGC,RHAT,RHAT,PETM,RIMM,RIMM,RIMM,QCOM,QCOM,QGEN,QGEN,QCOM,QCOM,GOLD,RIMM,ROST,REGN,SBAC,ROST,PCAR,PAYX,PAYX,QCOM,QCOM,QCOM,REGN,REGN,"SYMC
","SWKS
","SIRI
","SIRI
",PTON,PTON,PEP,PAYX
79,QCOM,QCOM,RIMM,QCOM,RIMM,RIMM,QCOM,ROST,RYAAY,RYAAY,RIMM,RIMM,QCOM,QCOM,RIMM,RIMM,RIMM,ROST,SNDK,ROST,STX,SNDK,PAYX,QCOM,QCOM,REGN,REGN,REGN,ROST,ROST,"SNPS
","SBUX
","SWKS
","SWKS
",PEP,PEP,PDD,PYPL
80,RIMM,RIMM,ROST,RIMM,ROST,ROST,RIMM,RYAAY,SNDK,SNDK,ROST,ROST,RIMM,RIMM,ROST,ROST,ROST,SNDK,SBAC,SNDK,SIAL,SBAC,QCOM,REGN,REGN,ROST,ROST,ROST,IDXX,STX,"TMUS
","SYMC
","SPLK
","SPLK
",PDD,PDD,QCOM,PEP
81,ROST,ROST,RYAAY,ROST,SNDK,SNDK,ROST,SNDK,SHLD,SHLD,RYAAY,RYAAY,ROST,ROST,SNDK,SNDK,SNDK,STX,STX,SBAC,SIRI,STX,REGN,ROST,ROST,SBAC,SBAC,IDXX,STX,SHPG,"TTWO
","SNPS
","SBUX
","SBUX
",QCOM,QCOM,REGN,PDD
82,RYAAY,RYAAY,SNDK,RYAAY,SHLD,SHLD,SNDK,SHLD,SIAL,SIAL,STX,STX,SNDK,SNDK,STX,STX,STX,SHLD,SHLD,STX,SPLS,SIAL,ROST,SNDK,SNDK,STX,STX,STX,SIRI,SIRI,"TSLA
","TMUS
","SNPS
","SNPS
",REGN,REGN,ROST,QCOM
83,SNDK,SNDK,SANM,SNDK,SEPR,SEPR,SHLD,SEPR,SIRI,SIRI,SHLD,SHLD,STX,STX,SHLD,SHLD,SHLD,SIAL,SIAL,SHLD,SBUX,SIRI,SNDK,SBAC,SBAC,SIRI,SIRI,SIRI,SWKS,SWKS,"TXN
","TTWO
","TMUS
","TMUS
",ROST,ROST,SGEN,REGN
84,SANM,SANM,SEBL,SANM,SEBL,SEBL,SEPR,SIAL,SPLS,SPLS,SIAL,SIAL,SHLD,SHLD,SIAL,SIAL,SIAL,SIRI,SIRI,SIAL,SRCL,SPLS,SBAC,STX,STX,SWKS,SWKS,SWKS,SBUX,SBUX,"KHC
","TSLA
","TTWO
","TTWO
",SGEN,SGEN,SIRI,ROST
85,SEBL,SEBL,SIAL,SEBL,SIAL,SIAL,SIAL,SIRI,SBUX,SBUX,SPLS,SPLS,SIAL,SIAL,SPLS,SPLS,SIRI,SPLS,SPLS,SIRI,SYMC,SBUX,STX,SIAL,SIRI,SBUX,SBUX,SBUX,HOLX,SYMC,"FOXA
","TXN
","TSLA
","TSLA
",SIRI,SIRI,SWKS,SGEN
86,SIAL,SIAL,SSCC,SIAL,SIRI,SIRI,SIRI,SPLS,STLD,STLD,SBUX,SBUX,SPLS,SPLS,SBUX,SBUX,SPLS,SBUX,SBUX,SPLS,TSLA,SRCL,SIAL,SIRI,SWKS,SRCL,HOLX,HOLX,SYMC,SNPS,"FOX
","KHC
","TXN
","TXN
",SWKS,SWKS,SPLK,SIRI
87,SSCC,SSCC,SPLS,SSCC,SPLS,SPLS,SPLS,SBUX,SRCL,SRCL,STLD,STLD,SBUX,SBUX,SRCL,SRCL,SBUX,SRCL,SRCL,SBUX,TXN,SYMC,SIRI,SPLS,SBUX,SYMC,SYMC,SYMC,TSLA,TMUS,"ULTA
","ULTA
","TCOM
","TCOM
",SPLK,SPLK,SBUX,SWKS
88,SPLS,SPLS,SBUX,SPLS,SBUX,SBUX,SBUX,SUNW,JAVA,JAVA,SRCL,SRCL,SRCL,SRCL,SYMC,SYMC,SRCL,SYMC,SYMC,SRCL,TSCO,TSLA,SPLS,SBUX,SRCL,TSLA,TSLA,TSLA,TXN,TTWO,"UAL
","UAL
","ULTA
","ULTA
",SBUX,SBUX,SNPS,SPLK
89,SBUX,SBUX,SUNW,SBUX,SUNW,SUNW,SUNW,SYMC,SYMC,SYMC,JAVA,JAVA,SYMC,SYMC,TEVA,TEVA,SYMC,TXN,TXN,SYMC,TRIP,TXN,SBUX,SRCL,SYMC,TXN,TXN,TXN,PCLN,TSLA,"VRSN
","VRSN
","UAL
","UAL
",SNPS,SNPS,TMUS,SBUX
90,SUNW,SUNW,SYMC,SUNW,SYMC,SYMC,SYMC,TLAB,TLAB,TEVA,SYMC,SYMC,TEVA,TEVA,URBN,URBN,TEVA,VRSN,VRSK,TXN,VRSK,TSCO,SRCL,SYMC,TSLA,PCLN,PCLN,PCLN,TMUS,TXN,"VRSK
","VRSK
","VRSN
","VRSN
",TMUS,TMUS,TSLA,SNPS
91,SYMC,SYMC,SNPS,SYMC,TLAB,TLAB,TLAB,TEVA,TEVA,DTV,TEVA,TEVA,URBN,URBN,VRSN,VRSN,VRSN,VRTX,VRTX,VRSK,VRTX,TRIP,SYMC,TSLA,TXN,TMUS,TMUS,TMUS,TTWO,KHC,"VRTX
","VRTX
","VRSK
","VRSK
",TSLA,TSLA,TXN,TMUS
92,SNPS,SNPS,TLAB,SNPS,TEVA,TEVA,TEVA,UAUA,UAUA,UAUA,DTV,DTV,VRSN,VRSN,VRTX,VRTX,VRTX,VIAB,VIAB,VRTX,VIAB,VRSK,TSLA,TXN,PCLN,TSCO,TSCO,TSCO,WYNN,FOXA,"WBA
","WBA
","VRTX
","VRTX
",TXN,TXN,VRSN,TSLA
93,TLAB,TLAB,TEVA,TLAB,URBN,URBN,VRSN,VRSN,VRSN,VRSN,URBN,URBN,VRTX,VRTX,VMED,VMED,VMED,VMED,VMED,VIAB,VIP,VRTX,TXN,PCLN,TMUS,TRIP,TRIP,WYNN,ULTA,FOX,"WDC
","WDAY
","WBA
","WBA
",TCOM,TCOM,VRSK,TXN
94,TEVA,TEVA,VRSN,TEVA,VRSN,VRSN,VRTX,VRTX,VRTX,VRTX,VRSN,VRSN,VMED,VMED,VOD,VOD,VOD,VOD,VOD,VOD,VOD,VIAB,PCLN,TSCO,TSCO,ULTA,ULTA,ULTA,VRSK,ULTA,"WLTW
","WDC
","WDAY
","WDAY
",VRSN,VRSN,VRTX,VRSN
95,VRSN,VRSN,VRTS,VRSN,WFMI,WFMI,WFMI,WFMI,VMED,VMED,VRTX,VRTX,VOD,VOD,WCRX,WCRX,WCRX,WCRX,WDC,WDC,WDC,VIP,TSCO,TRIP,TRIP,VRSK,VRSK,VRSK,VRTX,VRSK,"WDAY
","WLTW
","WDC
","WDC
",VRSK,VRSK,WBA,VRSK
96,VRTS,VRTS,WFMI,VRTS,WYNN,WYNN,WYNN,WYNN,WFMI,WFMI,WCRX,WCRX,WCRX,WCRX,WFMI,WFM,WFM,WFM,WFM,WFM,WFM,VOD,TRIP,VRSK,ULTA,VRTX,VRTX,VRTX,WDAY,VRTX,"WYNN
","WYNN
","WLTW
","XEL
",VRTX,VRTX,WDAY,VRTX
97,WFMI,WFMI,XLNX,WFMI,XLNX,XLNX,XLNX,XLNX,WYNN,WYNN,WYNN,WYNN,WYNN,WYNN,WYNN,WYNN,WYNN,WYNN,WYNN,WYNN,WYNN,WDC,VRSK,VRTX,VRSK,VIAB,VIAB,VIAB,VOD,VOD,"XEL
","XEL
","XEL
","XLNX
",WBA,WBA,XEL,WBA
98,XLNX,XLNX,YHOO,XLNX,XMSR,XMSR,XMSR,XMSR,XLNX,XLNX,XLNX,XLNX,XLNX,XLNX,XLNX,XLNX,XLNX,XLNX,XLNX,XLNX,XLNX,WFM,VRTX,VIAB,VRTX,VOD,VOD,VOD,WBA,WBA,"XLNX
","XLNX
","XLNX
","ZM
",WDAY,WDAY,XLNX,WDAY
99,YHOO,YHOO,,YHOO,YHOO,YHOO,YHOO,YHOO,YHOO,YHOO,YHOO,YHOO,YHOO,YHOO,YHOO,YHOO,YHOO,YHOO,YHOO,YHOO,YHOO,WYNN,VIAB,VIP,VIAB,WBA,WBA,WBA,WDC,WDC,,,,,XEL,XEL,ZM,XEL
,,,,,,,,,,,,,,,,,,,,,,XLNX,VIP,VOD,VOD,WDC,WDC,WDC,KLAC,WDAY,,,,,XLNX,XLNX,ZS,ZM
,,,,,,,,,,,,,,,,,,,,,,YHOO,VOD,WBA,WBA,WFM,KLAC,KLAC,XLNX,WYNN,,,,,ZM,ZM,,ZS
,,,,,,,,,,,,,,,,,,,,,,,WDC,WDC,WDC,XLNX,XLNX,XLNX,MELI,XLNX,,,,,,,,
,,,,,,,,,,,,,,,,,,,,,,,WFM,WFM,WFM,YHOO,YHOO,MELI,XRAY,,,,,,,,,
,,,,,,,,,,,,,,,,,,,,,,,WYNN,WYNN,XLNX,XRAY,XRAY,XRAY,,,,,,,,,,
,,,,,,,,,,,,,,,,,,,,,,,XLNX,XLNX,YHOO,,,,,,,,,,,,,
,,,,,,,,,,,,,,,,,,,,,,,YHOO,YHOO,,,,,,,,,,,,,,
